Generation,Name,Type 1,Type 2,HP,Attack,Defense,Sp. Atk,Sp. Def,Speed,Total,Legendary
I,Bulbasaur,Grass,Poison,45.0,49.0,49.0,65.0,65.0,45.0,318,No
I,Ivysaur,Grass,Poison,60.0,62.0,63.0,80.0,80.0,60.0,405,No
I,Venusaur,Grass,Poison,80.0,82.0,83.0,100.0,100.0,80.0,525,No
I,Charmander,Fire,,39.0,52.0,43.0,60.0,50.0,65.0,309,No
I,Charmeleon,Fire,,58.0,64.0,58.0,80.0,65.0,80.0,405,No
I,Charizard,Fire,Flying,78.0,84.0,78.0,109.0,85.0,100.0,534,No
I,Squirtle,Water,,44.0,48.0,65.0,50.0,64.0,43.0,314,No
I,Wartortle,Water,,59.0,63.0,80.0,65.0,80.0,58.0,405,No
I,Blastoise,Water,,79.0,83.0,100.0,85.0,105.0,78.0,530,No
I,Caterpie,Bug,,45.0,30.0,35.0,20.0,20.0,45.0,195,No
I,Metapod,Bug,,50.0,20.0,55.0,25.0,25.0,30.0,205,No
I,Butterfree,Bug,Flying,60.0,45.0,50.0,90.0,80.0,70.0,395,No
I,Weedle,Bug,Poison,40.0,35.0,30.0,20.0,20.0,50.0,195,No
I,Kakuna,Bug,Poison,45.0,25.0,50.0,25.0,25.0,35.0,205,No
I,Beedrill,Bug,Poison,65.0,90.0,40.0,45.0,80.0,75.0,395,No
I,Pidgey,Normal,Flying,40.0,45.0,40.0,35.0,35.0,56.0,251,No
I,Pidgeotto,Normal,Flying,63.0,60.0,55.0,50.0,50.0,71.0,349,No
I,Pidgeot,Normal,Flying,83.0,80.0,75.0,70.0,70.0,101.0,479,No
I,Rattata,Normal,,30.0,56.0,35.0,25.0,35.0,72.0,253,No
I,Raticate,Normal,,55.0,81.0,60.0,50.0,70.0,97.0,413,No
I,Spearow,Normal,Flying,40.0,60.0,30.0,31.0,31.0,70.0,262,No
I,Fearow,Normal,Flying,65.0,90.0,65.0,61.0,61.0,100.0,442,No
I,Ekans,Poison,,35.0,60.0,44.0,40.0,54.0,55.0,288,No
I,Arbok,Poison,,60.0,85.0,69.0,65.0,79.0,80.0,438,No
I,Pikachu,Electric,,35.0,55.0,40.0,50.0,50.0,90.0,320,No
I,Raichu,Electric,,60.0,90.0,55.0,90.0,80.0,110.0,485,No
I,Sandshrew,Ground,,50.0,75.0,85.0,20.0,30.0,40.0,300,No
I,Sandslash,Ground,,75.0,100.0,110.0,45.0,55.0,65.0,450,No
I,Nidoran♀,Poison,,55.0,47.0,52.0,40.0,40.0,41.0,275,No
I,Nidorina,Poison,,70.0,62.0,67.0,55.0,55.0,56.0,365,No
I,Nidoqueen,Poison,Ground,90.0,92.0,87.0,75.0,85.0,76.0,505,No
I,Nidoran♂,Poison,,46.0,57.0,40.0,40.0,40.0,50.0,273,No
I,Nidorino,Poison,,61.0,72.0,57.0,55.0,55.0,65.0,365,No
I,Nidoking,Poison,Ground,81.0,102.0,77.0,85.0,75.0,85.0,505,No
I,Clefairy,Fairy,,70.0,45.0,48.0,60.0,65.0,35.0,323,No
I,Clefable,Fairy,,95.0,70.0,73.0,95.0,90.0,60.0,483,No
I,Vulpix,Fire,,38.0,41.0,40.0,50.0,65.0,65.0,299,No
I,Ninetales,Fire,,73.0,76.0,75.0,81.0,100.0,100.0,505,No
I,Jigglypuff,Normal,Fairy,115.0,45.0,20.0,45.0,25.0,20.0,270,No
I,Wigglytuff,Normal,Fairy,140.0,70.0,45.0,85.0,50.0,45.0,435,No
I,Zubat,Poison,Flying,40.0,45.0,35.0,30.0,40.0,55.0,245,No
I,Golbat,Poison,Flying,75.0,80.0,70.0,65.0,75.0,90.0,455,No
I,Oddish,Grass,Poison,45.0,50.0,55.0,75.0,65.0,30.0,320,No
I,Gloom,Grass,Poison,60.0,65.0,70.0,85.0,75.0,40.0,395,No
I,Vileplume,Grass,Poison,75.0,80.0,85.0,110.0,90.0,50.0,490,No
I,Paras,Bug,Grass,35.0,70.0,55.0,45.0,55.0,25.0,285,No
I,Parasect,Bug,Grass,60.0,95.0,80.0,60.0,80.0,30.0,405,No
I,Venonat,Bug,Poison,60.0,55.0,50.0,40.0,55.0,45.0,305,No
I,Venomoth,Bug,Poison,70.0,65.0,60.0,90.0,75.0,90.0,450,No
I,Diglett,Ground,,10.0,55.0,25.0,35.0,45.0,95.0,265,No
I,Dugtrio,Ground,,35.0,80.0,50.0,50.0,70.0,120.0,405,No
I,Meowth,Normal,,40.0,45.0,35.0,40.0,40.0,90.0,290,No
I,Persian,Normal,,65.0,70.0,60.0,65.0,65.0,115.0,440,No
I,Psyduck,Water,,50.0,52.0,48.0,65.0,50.0,55.0,320,No
I,Golduck,Water,,80.0,82.0,78.0,95.0,80.0,85.0,500,No
I,Mankey,Fighting,,40.0,80.0,35.0,35.0,45.0,70.0,305,No
I,Primeape,Fighting,,65.0,105.0,60.0,60.0,70.0,95.0,455,No
I,Growlithe,Fire,,55.0,70.0,45.0,70.0,50.0,60.0,350,No
I,Arcanine,Fire,,90.0,110.0,80.0,100.0,80.0,95.0,555,No
I,Poliwag,Water,,40.0,50.0,40.0,40.0,40.0,90.0,300,No
I,Poliwhirl,Water,,65.0,65.0,65.0,50.0,50.0,90.0,385,No
I,Poliwrath,Water,Fighting,90.0,95.0,95.0,70.0,90.0,70.0,510,No
I,Abra,Psychic,,25.0,20.0,15.0,105.0,55.0,90.0,310,No
I,Kadabra,Psychic,,40.0,35.0,30.0,120.0,70.0,105.0,400,No
I,Alakazam,Psychic,,55.0,50.0,45.0,135.0,95.0,120.0,500,No
I,Machop,Fighting,,70.0,80.0,50.0,35.0,35.0,35.0,305,No
I,Machoke,Fighting,,80.0,100.0,70.0,50.0,60.0,45.0,405,No
I,Machamp,Fighting,,90.0,130.0,80.0,65.0,85.0,55.0,505,No
I,Bellsprout,Grass,Poison,50.0,75.0,35.0,70.0,30.0,40.0,300,No
I,Weepinbell,Grass,Poison,65.0,90.0,50.0,85.0,45.0,55.0,390,No
I,Victreebel,Grass,Poison,80.0,105.0,65.0,100.0,70.0,70.0,490,No
I,Tentacool,Water,Poison,40.0,40.0,35.0,50.0,100.0,70.0,335,No
I,Tentacruel,Water,Poison,80.0,70.0,65.0,80.0,120.0,100.0,515,No
I,Geodude,Rock,Ground,40.0,80.0,100.0,30.0,30.0,20.0,300,No
I,Graveler,Rock,Ground,55.0,95.0,115.0,45.0,45.0,35.0,390,No
I,Golem,Rock,Ground,80.0,120.0,130.0,55.0,65.0,45.0,495,No
I,Ponyta,Fire,,50.0,85.0,55.0,65.0,65.0,90.0,410,No
I,Rapidash,Fire,,65.0,100.0,70.0,80.0,80.0,105.0,500,No
I,Slowpoke,Water,Psychic,90.0,65.0,65.0,40.0,40.0,15.0,315,No
I,Slowbro,Water,Psychic,95.0,75.0,110.0,100.0,80.0,30.0,490,No
I,Magnemite,Electric,Steel,25.0,35.0,70.0,95.0,55.0,45.0,325,No
I,Magneton,Electric,Steel,50.0,60.0,95.0,120.0,70.0,70.0,465,No
I,Farfetch'd,Normal,Flying,52.0,65.0,55.0,58.0,62.0,60.0,352,No
I,Doduo,Normal,Flying,35.0,85.0,45.0,35.0,35.0,75.0,310,No
I,Dodrio,Normal,Flying,60.0,110.0,70.0,60.0,60.0,100.0,460,No
I,Seel,Water,,65.0,45.0,55.0,45.0,70.0,45.0,325,No
I,Dewgong,Water,Ice,90.0,70.0,80.0,70.0,95.0,70.0,475,No
I,Grimer,Poison,,80.0,80.0,50.0,40.0,50.0,25.0,325,No
I,Muk,Poison,,105.0,105.0,75.0,65.0,100.0,50.0,500,No
I,Shellder,Water,,30.0,65.0,100.0,45.0,25.0,40.0,305,No
I,Cloyster,Water,Ice,50.0,95.0,180.0,85.0,45.0,70.0,525,No
I,Gastly,Ghost,Poison,30.0,35.0,30.0,100.0,35.0,80.0,310,No
I,Haunter,Ghost,Poison,45.0,50.0,45.0,115.0,55.0,95.0,405,No
I,Gengar,Ghost,Poison,60.0,65.0,60.0,130.0,75.0,110.0,500,No
I,Onix,Rock,Ground,35.0,45.0,160.0,30.0,45.0,70.0,385,No
I,Drowzee,Psychic,,60.0,48.0,45.0,43.0,90.0,42.0,328,No
I,Hypno,Psychic,,85.0,73.0,70.0,73.0,115.0,67.0,483,No
I,Krabby,Water,,30.0,105.0,90.0,25.0,25.0,50.0,325,No
I,Kingler,Water,,55.0,130.0,115.0,50.0,50.0,75.0,475,No
I,Voltorb,Electric,,40.0,30.0,50.0,55.0,55.0,100.0,330,No
I,Electrode,Electric,,60.0,50.0,70.0,80.0,80.0,140.0,480,No
I,Exeggcute,Grass,Psychic,60.0,40.0,80.0,60.0,45.0,40.0,325,No
I,Exeggutor,Grass,Psychic,95.0,95.0,85.0,125.0,65.0,55.0,520,No
I,Cubone,Ground,,50.0,50.0,95.0,40.0,50.0,35.0,320,No
I,Marowak,Ground,,60.0,80.0,110.0,50.0,80.0,45.0,425,No
I,Hitmonlee,Fighting,,50.0,120.0,53.0,35.0,110.0,87.0,455,No
I,Hitmonchan,Fighting,,50.0,105.0,79.0,35.0,110.0,76.0,455,No
I,Lickitung,Normal,,90.0,55.0,75.0,60.0,75.0,30.0,385,No
I,Koffing,Poison,,40.0,65.0,95.0,60.0,45.0,35.0,340,No
I,Weezing,Poison,,65.0,90.0,120.0,85.0,70.0,60.0,490,No
I,Rhyhorn,Ground,Rock,80.0,85.0,95.0,30.0,30.0,25.0,345,No
I,Rhydon,Ground,Rock,105.0,130.0,120.0,45.0,45.0,40.0,485,No
I,Chansey,Normal,,250.0,5.0,5.0,35.0,105.0,50.0,450,No
I,Tangela,Grass,,65.0,55.0,115.0,100.0,40.0,60.0,435,No
I,Kangaskhan,Normal,,105.0,95.0,80.0,40.0,80.0,90.0,490,No
I,Horsea,Water,,30.0,40.0,70.0,70.0,25.0,60.0,295,No
I,Seadra,Water,,55.0,65.0,95.0,95.0,45.0,85.0,440,No
I,Goldeen,Water,,45.0,67.0,60.0,35.0,50.0,63.0,320,No
I,Seaking,Water,,80.0,92.0,65.0,65.0,80.0,68.0,450,No
I,Staryu,Water,,30.0,45.0,55.0,70.0,55.0,85.0,340,No
I,Starmie,Water,Psychic,60.0,75.0,85.0,100.0,85.0,115.0,520,No
I,Mr. Mime,Psychic,Fairy,40.0,45.0,65.0,100.0,120.0,90.0,460,No
I,Scyther,Bug,Flying,70.0,110.0,80.0,55.0,80.0,105.0,500,No
I,Jynx,Ice,Psychic,65.0,50.0,35.0,115.0,95.0,95.0,455,No
I,Electabuzz,Electric,,65.0,83.0,57.0,95.0,85.0,105.0,490,No
I,Magmar,Fire,,65.0,95.0,57.0,100.0,85.0,93.0,495,No
I,Pinsir,Bug,,65.0,125.0,100.0,55.0,70.0,85.0,500,No
I,Tauros,Normal,,75.0,100.0,95.0,40.0,70.0,110.0,490,No
I,Magikarp,Water,,20.0,10.0,55.0,15.0,20.0,80.0,200,No
I,Gyarados,Water,Flying,95.0,125.0,79.0,60.0,100.0,81.0,540,No
I,Lapras,Water,Ice,130.0,85.0,80.0,85.0,95.0,60.0,535,No
I,Ditto,Normal,,48.0,48.0,48.0,48.0,48.0,48.0,288,No
I,Eevee,Normal,,55.0,55.0,50.0,45.0,65.0,55.0,325,No
I,Vaporeon,Water,,130.0,65.0,60.0,110.0,95.0,65.0,525,No
I,Jolteon,Electric,,65.0,65.0,60.0,110.0,95.0,130.0,525,No
I,Flareon,Fire,,65.0,130.0,60.0,95.0,110.0,65.0,525,No
I,Porygon,Normal,,65.0,60.0,70.0,85.0,75.0,40.0,395,No
I,Omanyte,Rock,Water,35.0,40.0,100.0,90.0,55.0,35.0,355,No
I,Omastar,Rock,Water,70.0,60.0,125.0,115.0,70.0,55.0,495,No
I,Kabuto,Rock,Water,30.0,80.0,90.0,55.0,45.0,55.0,355,No
I,Kabutops,Rock,Water,60.0,115.0,105.0,65.0,70.0,80.0,495,No
I,Aerodactyl,Rock,Flying,80.0,105.0,65.0,60.0,75.0,130.0,515,No
I,Snorlax,Normal,,160.0,110.0,65.0,65.0,110.0,30.0,540,No
I,Articuno,Ice,Flying,90.0,85.0,100.0,95.0,125.0,85.0,580,Yes
I,Zapdos,Electric,Flying,90.0,90.0,85.0,125.0,90.0,100.0,580,Yes
I,Moltres,Fire,Flying,90.0,100.0,90.0,125.0,85.0,90.0,580,Yes
I,Dratini,Dragon,,41.0,64.0,45.0,50.0,50.0,50.0,300,No
I,Dragonair,Dragon,,61.0,84.0,65.0,70.0,70.0,70.0,420,No
I,Dragonite,Dragon,Flying,91.0,134.0,95.0,100.0,100.0,80.0,600,No
I,Mewtwo,Psychic,,106.0,110.0,90.0,154.0,90.0,130.0,680,Yes
II,Chikorita,Grass,,45.0,49.0,65.0,49.0,65.0,45.0,318,No
II,Bayleef,Grass,,60.0,62.0,80.0,63.0,80.0,60.0,405,No
II,Cyndaquil,Fire,,39.0,52.0,43.0,60.0,50.0,65.0,309,No
II,Quilava,Fire,,58.0,64.0,58.0,80.0,65.0,80.0,405,No
II,Typhlosion,Fire,,78.0,84.0,78.0,109.0,85.0,100.0,534,No
II,Totodile,Water,,50.0,65.0,64.0,44.0,48.0,43.0,314,No
II,Croconaw,Water,,65.0,80.0,80.0,59.0,63.0,58.0,405,No
II,Feraligatr,Water,,85.0,105.0,100.0,79.0,83.0,78.0,530,No
II,Sentret,Normal,,35.0,46.0,34.0,35.0,45.0,20.0,215,No
II,Furret,Normal,,85.0,76.0,64.0,45.0,55.0,90.0,415,No
II,Hoothoot,Normal,Flying,60.0,30.0,30.0,36.0,56.0,50.0,262,No
II,Noctowl,Normal,Flying,100.0,50.0,50.0,76.0,96.0,70.0,442,No
II,Ledyba,Bug,Flying,40.0,20.0,30.0,40.0,80.0,55.0,265,No
II,Ledian,Bug,Flying,55.0,35.0,50.0,55.0,110.0,85.0,390,No
II,Spinarak,Bug,Poison,40.0,60.0,40.0,40.0,40.0,30.0,250,No
II,Ariados,Bug,Poison,70.0,90.0,70.0,60.0,60.0,40.0,390,No
II,Crobat,Poison,Flying,85.0,90.0,80.0,70.0,80.0,130.0,535,No
II,Chinchou,Water,Electric,75.0,38.0,38.0,56.0,56.0,67.0,330,No
II,Lanturn,Water,Electric,125.0,58.0,58.0,76.0,76.0,67.0,460,No
II,Pichu,Electric,,20.0,40.0,15.0,35.0,35.0,60.0,205,No
II,Cleffa,Fairy,,50.0,25.0,28.0,45.0,55.0,15.0,218,No
II,Igglybuff,Normal,Fairy,90.0,30.0,15.0,40.0,20.0,15.0,210,No
II,Togepi,Fairy,,35.0,20.0,65.0,40.0,65.0,20.0,245,No
II,Togetic,Fairy,Flying,55.0,40.0,85.0,80.0,105.0,40.0,405,No
II,Natu,Psychic,Flying,40.0,50.0,45.0,70.0,45.0,70.0,320,No
II,Xatu,Psychic,Flying,65.0,75.0,70.0,95.0,70.0,95.0,470,No
II,Mareep,Electric,,55.0,40.0,40.0,65.0,45.0,35.0,280,No
II,Flaaffy,Electric,,70.0,55.0,55.0,80.0,60.0,45.0,365,No
II,Ampharos,Electric,,90.0,75.0,85.0,115.0,90.0,55.0,510,No
II,Bellossom,Grass,,75.0,80.0,95.0,90.0,100.0,50.0,490,No
II,Marill,Water,Fairy,70.0,20.0,50.0,20.0,50.0,40.0,250,No
II,Azumarill,Water,Fairy,100.0,50.0,80.0,60.0,80.0,50.0,420,No
II,Sudowoodo,Rock,,70.0,100.0,115.0,30.0,65.0,30.0,410,No
II,Politoed,Water,,90.0,75.0,75.0,90.0,100.0,70.0,500,No
II,Hoppip,Grass,Flying,35.0,35.0,40.0,35.0,55.0,50.0,250,No
II,Skiploom,Grass,Flying,55.0,45.0,50.0,45.0,65.0,80.0,340,No
II,Jumpluff,Grass,Flying,75.0,55.0,70.0,55.0,95.0,110.0,460,No
II,Aipom,Normal,,55.0,70.0,55.0,40.0,55.0,85.0,360,No
II,Sunkern,Grass,,30.0,30.0,30.0,30.0,30.0,30.0,180,No
II,Sunflora,Grass,,75.0,75.0,55.0,105.0,85.0,30.0,425,No
II,Yanma,Bug,Flying,65.0,65.0,45.0,75.0,45.0,95.0,390,No
II,Wooper,Water,Ground,55.0,45.0,45.0,25.0,25.0,15.0,210,No
II,Quagsire,Water,Ground,95.0,85.0,85.0,65.0,65.0,35.0,430,No
II,Espeon,Psychic,,65.0,65.0,60.0,130.0,95.0,110.0,525,No
II,Umbreon,Dark,,95.0,65.0,110.0,60.0,130.0,65.0,525,No
II,Murkrow,Dark,Flying,60.0,85.0,42.0,85.0,42.0,91.0,405,No
II,Slowking,Water,Psychic,95.0,75.0,80.0,100.0,110.0,30.0,490,No
II,Misdreavus,Ghost,,60.0,60.0,60.0,85.0,85.0,85.0,435,No
II,Unown,Psychic,,48.0,72.0,48.0,72.0,48.0,48.0,336,No
II,Wobbuffet,Psychic,,190.0,33.0,58.0,33.0,58.0,33.0,405,No
II,Girafarig,Normal,Psychic,70.0,80.0,65.0,90.0,65.0,85.0,455,No
II,Pineco,Bug,,50.0,65.0,90.0,35.0,35.0,15.0,290,No
II,Forretress,Bug,Steel,75.0,90.0,140.0,60.0,60.0,40.0,465,No
II,Dunsparce,Normal,,100.0,70.0,70.0,65.0,65.0,45.0,415,No
II,Gligar,Ground,Flying,65.0,75.0,105.0,35.0,65.0,85.0,430,No
II,Steelix,Steel,Ground,75.0,85.0,200.0,55.0,65.0,30.0,510,No
II,Snubbull,Fairy,,60.0,80.0,50.0,40.0,40.0,30.0,300,No
II,Granbull,Fairy,,90.0,120.0,75.0,60.0,60.0,45.0,450,No
II,Qwilfish,Water,Poison,65.0,95.0,75.0,55.0,55.0,85.0,430,No
II,Scizor,Bug,Steel,70.0,130.0,100.0,55.0,80.0,65.0,500,No
II,Shuckle,Bug,Rock,20.0,10.0,230.0,10.0,230.0,5.0,505,No
II,Heracross,Bug,Fighting,80.0,125.0,75.0,40.0,95.0,85.0,500,No
II,Sneasel,Dark,Ice,55.0,95.0,55.0,35.0,75.0,115.0,430,No
II,Teddiursa,Normal,,60.0,80.0,50.0,50.0,50.0,40.0,330,No
II,Ursaring,Normal,,90.0,130.0,75.0,75.0,75.0,55.0,500,No
II,Slugma,Fire,,40.0,40.0,40.0,70.0,40.0,20.0,250,No
II,Magcargo,Fire,Rock,50.0,50.0,120.0,80.0,80.0,30.0,410,No
II,Swinub,Ice,Ground,50.0,50.0,40.0,30.0,30.0,50.0,250,No
II,Piloswine,Ice,Ground,100.0,100.0,80.0,60.0,60.0,50.0,450,No
II,Corsola,Water,Rock,55.0,55.0,85.0,65.0,85.0,35.0,380,No
II,Remoraid,Water,,35.0,65.0,35.0,65.0,35.0,65.0,300,No
II,Octillery,Water,,75.0,105.0,75.0,105.0,75.0,45.0,480,No
II,Delibird,Ice,Flying,45.0,55.0,45.0,65.0,45.0,75.0,330,No
II,Mantine,Water,Flying,65.0,40.0,70.0,80.0,140.0,70.0,465,No
II,Skarmory,Steel,Flying,65.0,80.0,140.0,40.0,70.0,70.0,465,No
II,Houndour,Dark,Fire,45.0,60.0,30.0,80.0,50.0,65.0,330,No
II,Houndoom,Dark,Fire,75.0,90.0,50.0,110.0,80.0,95.0,500,No
II,Kingdra,Water,Dragon,75.0,95.0,95.0,95.0,95.0,85.0,540,No
II,Phanpy,Ground,,90.0,60.0,60.0,40.0,40.0,40.0,330,No
II,Donphan,Ground,,90.0,120.0,120.0,60.0,60.0,50.0,500,No
II,Porygon2,Normal,,85.0,80.0,90.0,105.0,95.0,60.0,515,No
II,Stantler,Normal,,73.0,95.0,62.0,85.0,65.0,85.0,465,No
II,Smeargle,Normal,,55.0,20.0,35.0,20.0,45.0,75.0,250,No
II,Tyrogue,Fighting,,35.0,35.0,35.0,35.0,35.0,35.0,210,No
II,Hitmontop,Fighting,,50.0,95.0,95.0,35.0,110.0,70.0,455,No
II,Smoochum,Ice,Psychic,45.0,30.0,15.0,85.0,65.0,65.0,305,No
II,Elekid,Electric,,45.0,63.0,37.0,65.0,55.0,95.0,360,No
II,Magby,Fire,,45.0,75.0,37.0,70.0,55.0,83.0,365,No
II,Miltank,Normal,,95.0,80.0,105.0,40.0,70.0,100.0,490,No
II,Blissey,Normal,,255.0,10.0,10.0,75.0,135.0,55.0,540,No
II,Raikou,Electric,,90.0,85.0,75.0,115.0,100.0,115.0,580,Yes
II,Entei,Fire,,115.0,115.0,85.0,90.0,75.0,100.0,580,Yes
II,Suicune,Water,,100.0,75.0,115.0,90.0,115.0,85.0,580,Yes
II,Larvitar,Rock,Ground,50.0,64.0,50.0,45.0,50.0,41.0,300,No
II,Pupitar,Rock,Ground,70.0,84.0,70.0,65.0,70.0,51.0,410,No
II,Tyranitar,Rock,Dark,100.0,134.0,110.0,95.0,100.0,61.0,600,No
II,Lugia,Psychic,Flying,106.0,90.0,130.0,90.0,154.0,110.0,680,Yes
II,Ho-oh,Fire,Flying,106.0,130.0,90.0,110.0,154.0,90.0,680,Yes
III,Treecko,Grass,,40.0,45.0,35.0,65.0,55.0,70.0,310,No
III,Grovyle,Grass,,50.0,65.0,45.0,85.0,65.0,95.0,405,No
III,Sceptile,Grass,,70.0,85.0,65.0,105.0,85.0,120.0,530,No
III,Torchic,Fire,,45.0,60.0,40.0,70.0,50.0,45.0,310,No
III,Combusken,Fire,Fighting,60.0,85.0,60.0,85.0,60.0,55.0,405,No
III,Blaziken,Fire,Fighting,80.0,120.0,70.0,110.0,70.0,80.0,530,No
III,Mudkip,Water,,50.0,70.0,50.0,50.0,50.0,40.0,310,No
III,Marshtomp,Water,Ground,70.0,85.0,70.0,60.0,70.0,50.0,405,No
III,Swampert,Water,Ground,100.0,110.0,90.0,85.0,90.0,60.0,535,No
III,Poochyena,Dark,,35.0,55.0,35.0,30.0,30.0,35.0,220,No
III,Mightyena,Dark,,70.0,90.0,70.0,60.0,60.0,70.0,420,No
III,Zigzagoon,Normal,,38.0,30.0,41.0,30.0,41.0,60.0,240,No
III,Linoone,Normal,,78.0,70.0,61.0,50.0,61.0,100.0,420,No
III,Wurmple,Bug,,45.0,45.0,35.0,20.0,30.0,20.0,195,No
III,Silcoon,Bug,,50.0,35.0,55.0,25.0,25.0,15.0,205,No
III,Beautifly,Bug,Flying,60.0,70.0,50.0,100.0,50.0,65.0,395,No
III,Cascoon,Bug,,50.0,35.0,55.0,25.0,25.0,15.0,205,No
III,Dustox,Bug,Poison,60.0,50.0,70.0,50.0,90.0,65.0,385,No
III,Lotad,Water,Grass,40.0,30.0,30.0,40.0,50.0,30.0,220,No
III,Lombre,Water,Grass,60.0,50.0,50.0,60.0,70.0,50.0,340,No
III,Ludicolo,Water,Grass,80.0,70.0,70.0,90.0,100.0,70.0,480,No
III,Seedot,Grass,,40.0,40.0,50.0,30.0,30.0,30.0,220,No
III,Nuzleaf,Grass,Dark,70.0,70.0,40.0,60.0,40.0,60.0,340,No
III,Shiftry,Grass,Dark,90.0,100.0,60.0,90.0,60.0,80.0,480,No
III,Taillow,Normal,Flying,40.0,55.0,30.0,30.0,30.0,85.0,270,No
III,Swellow,Normal,Flying,60.0,85.0,60.0,50.0,50.0,125.0,430,No
III,Wingull,Water,Flying,40.0,30.0,30.0,55.0,30.0,85.0,270,No
III,Pelipper,Water,Flying,60.0,50.0,100.0,85.0,70.0,65.0,430,No
III,Ralts,Psychic,Fairy,28.0,25.0,25.0,45.0,35.0,40.0,198,No
III,Kirlia,Psychic,Fairy,38.0,35.0,35.0,65.0,55.0,50.0,278,No
III,Gardevoir,Psychic,Fairy,68.0,65.0,65.0,125.0,115.0,80.0,518,No
III,Surskit,Bug,Water,40.0,30.0,32.0,50.0,52.0,65.0,269,No
III,Masquerain,Bug,Flying,70.0,60.0,62.0,80.0,82.0,60.0,414,No
III,Shroomish,Grass,,60.0,40.0,60.0,40.0,60.0,35.0,295,No
III,Breloom,Grass,Fighting,60.0,130.0,80.0,60.0,60.0,70.0,460,No
III,Slakoth,Normal,,60.0,60.0,60.0,35.0,35.0,30.0,280,No
III,Vigoroth,Normal,,80.0,80.0,80.0,55.0,55.0,90.0,440,No
III,Slaking,Normal,,150.0,160.0,100.0,95.0,65.0,100.0,670,No
III,Nincada,Bug,Ground,31.0,45.0,90.0,30.0,30.0,40.0,266,No
III,Ninjask,Bug,Flying,61.0,90.0,45.0,50.0,50.0,160.0,456,No
III,Shedinja,Bug,Ghost,1.0,90.0,45.0,30.0,30.0,40.0,236,No
III,Whismur,Normal,,64.0,51.0,23.0,51.0,23.0,28.0,240,No
III,Loudred,Normal,,84.0,71.0,43.0,71.0,43.0,48.0,360,No
III,Exploud,Normal,,104.0,91.0,63.0,91.0,73.0,68.0,490,No
III,Makuhita,Fighting,,72.0,60.0,30.0,20.0,30.0,25.0,237,No
III,Hariyama,Fighting,,144.0,120.0,60.0,40.0,60.0,50.0,474,No
III,Azurill,Normal,Fairy,50.0,20.0,40.0,20.0,40.0,20.0,190,No
III,Nosepass,Rock,,30.0,45.0,135.0,45.0,90.0,30.0,375,No
III,Skitty,Normal,,50.0,45.0,45.0,35.0,35.0,50.0,260,No
III,Delcatty,Normal,,70.0,65.0,65.0,55.0,55.0,70.0,380,No
III,Sableye,Dark,Ghost,50.0,75.0,75.0,65.0,65.0,50.0,380,No
III,Mawile,Steel,Fairy,50.0,85.0,85.0,55.0,55.0,50.0,380,No
III,Aron,Steel,Rock,50.0,70.0,100.0,40.0,40.0,30.0,330,No
III,Lairon,Steel,Rock,60.0,90.0,140.0,50.0,50.0,40.0,430,No
III,Aggron,Steel,Rock,70.0,110.0,180.0,60.0,60.0,50.0,530,No
III,Meditite,Fighting,Psychic,30.0,40.0,55.0,40.0,55.0,60.0,280,No
III,Medicham,Fighting,Psychic,60.0,60.0,75.0,60.0,75.0,80.0,410,No
III,Electrike,Electric,,40.0,45.0,40.0,65.0,40.0,65.0,295,No
III,Manectric,Electric,,70.0,75.0,60.0,105.0,60.0,105.0,475,No
III,Plusle,Electric,,60.0,50.0,40.0,85.0,75.0,95.0,405,No
III,Minun,Electric,,60.0,40.0,50.0,75.0,85.0,95.0,405,No
III,Volbeat,Bug,,65.0,73.0,55.0,47.0,75.0,85.0,400,No
III,Illumise,Bug,,65.0,47.0,55.0,73.0,75.0,85.0,400,No
III,Roselia,Grass,Poison,50.0,60.0,45.0,100.0,80.0,65.0,400,No
III,Gulpin,Poison,,70.0,43.0,53.0,43.0,53.0,40.0,302,No
III,Swalot,Poison,,100.0,73.0,83.0,73.0,83.0,55.0,467,No
III,Carvanha,Water,Dark,45.0,90.0,20.0,65.0,20.0,65.0,305,No
III,Sharpedo,Water,Dark,70.0,120.0,40.0,95.0,40.0,95.0,460,No
III,Wailmer,Water,,130.0,70.0,35.0,70.0,35.0,60.0,400,No
III,Wailord,Water,,170.0,90.0,45.0,90.0,45.0,60.0,500,No
III,Numel,Fire,Ground,60.0,60.0,40.0,65.0,45.0,35.0,305,No
III,Camerupt,Fire,Ground,70.0,100.0,70.0,105.0,75.0,40.0,460,No
III,Torkoal,Fire,,70.0,85.0,140.0,85.0,70.0,20.0,470,No
III,Spoink,Psychic,,60.0,25.0,35.0,70.0,80.0,60.0,330,No
III,Grumpig,Psychic,,80.0,45.0,65.0,90.0,110.0,80.0,470,No
III,Spinda,Normal,,60.0,60.0,60.0,60.0,60.0,60.0,360,No
III,Trapinch,Ground,,45.0,100.0,45.0,45.0,45.0,10.0,290,No
III,Vibrava,Ground,Dragon,50.0,70.0,50.0,50.0,50.0,70.0,340,No
III,Flygon,Ground,Dragon,80.0,100.0,80.0,80.0,80.0,100.0,520,No
III,Cacnea,Grass,,50.0,85.0,40.0,85.0,40.0,35.0,335,No
III,Cacturne,Grass,Dark,70.0,115.0,60.0,115.0,60.0,55.0,475,No
III,Swablu,Normal,Flying,45.0,40.0,60.0,40.0,75.0,50.0,310,No
III,Altaria,Dragon,Flying,75.0,70.0,90.0,70.0,105.0,80.0,490,No
III,Zangoose,Normal,,73.0,115.0,60.0,60.0,60.0,90.0,458,No
III,Seviper,Poison,,73.0,100.0,60.0,100.0,60.0,65.0,458,No
III,Lunatone,Rock,Psychic,70.0,55.0,65.0,95.0,85.0,70.0,440,No
III,Solrock,Rock,Psychic,70.0,95.0,85.0,55.0,65.0,70.0,440,No
III,Barboach,Water,Ground,50.0,48.0,43.0,46.0,41.0,60.0,288,No
III,Whiscash,Water,Ground,110.0,78.0,73.0,76.0,71.0,60.0,468,No
III,Corphish,Water,,43.0,80.0,65.0,50.0,35.0,35.0,308,No
III,Crawdaunt,Water,Dark,63.0,120.0,85.0,90.0,55.0,55.0,468,No
III,Baltoy,Ground,Psychic,40.0,40.0,55.0,40.0,70.0,55.0,300,No
III,Claydol,Ground,Psychic,60.0,70.0,105.0,70.0,120.0,75.0,500,No
III,Lileep,Rock,Grass,66.0,41.0,77.0,61.0,87.0,23.0,355,No
III,Cradily,Rock,Grass,86.0,81.0,97.0,81.0,107.0,43.0,495,No
III,Anorith,Rock,Bug,45.0,95.0,50.0,40.0,50.0,75.0,355,No
III,Armaldo,Rock,Bug,75.0,125.0,100.0,70.0,80.0,45.0,495,No
III,Feebas,Water,,20.0,15.0,20.0,10.0,55.0,80.0,200,No
III,Milotic,Water,,95.0,60.0,79.0,100.0,125.0,81.0,540,No
III,Castform,Normal,,70.0,70.0,70.0,70.0,70.0,70.0,420,No
III,Kecleon,Normal,,60.0,90.0,70.0,60.0,120.0,40.0,440,No
III,Shuppet,Ghost,,44.0,75.0,35.0,63.0,33.0,45.0,295,No
III,Banette,Ghost,,64.0,115.0,65.0,83.0,63.0,65.0,455,No
III,Duskull,Ghost,,20.0,40.0,90.0,30.0,90.0,25.0,295,No
III,Dusclops,Ghost,,40.0,70.0,130.0,60.0,130.0,25.0,455,No
III,Tropius,Grass,Flying,99.0,68.0,83.0,72.0,87.0,51.0,460,No
III,Chimecho,Psychic,,65.0,50.0,70.0,95.0,80.0,65.0,425,No
III,Absol,Dark,,65.0,130.0,60.0,75.0,60.0,75.0,465,No
III,Wynaut,Psychic,,95.0,23.0,48.0,23.0,48.0,23.0,260,No
III,Snorunt,Ice,,50.0,50.0,50.0,50.0,50.0,50.0,300,No
III,Glalie,Ice,,80.0,80.0,80.0,80.0,80.0,80.0,480,No
III,Spheal,Ice,Water,70.0,40.0,50.0,55.0,50.0,25.0,290,No
III,Sealeo,Ice,Water,90.0,60.0,70.0,75.0,70.0,45.0,410,No
III,Walrein,Ice,Water,110.0,80.0,90.0,95.0,90.0,65.0,530,No
III,Clamperl,Water,,35.0,64.0,85.0,74.0,55.0,32.0,345,No
III,Huntail,Water,,55.0,104.0,105.0,94.0,75.0,52.0,485,No
III,Gorebyss,Water,,55.0,84.0,105.0,114.0,75.0,52.0,485,No
III,Relicanth,Water,Rock,100.0,90.0,130.0,45.0,65.0,55.0,485,No
III,Luvdisc,Water,,43.0,30.0,55.0,40.0,65.0,97.0,330,No
III,Bagon,Dragon,,45.0,75.0,60.0,40.0,30.0,50.0,300,No
III,Shelgon,Dragon,,65.0,95.0,100.0,60.0,50.0,50.0,420,No
III,Salamence,Dragon,Flying,95.0,135.0,80.0,110.0,80.0,100.0,600,No
III,Beldum,Steel,Psychic,40.0,55.0,80.0,35.0,60.0,30.0,300,No
III,Metang,Steel,Psychic,60.0,75.0,100.0,55.0,80.0,50.0,420,No
III,Metagross,Steel,Psychic,80.0,135.0,130.0,95.0,90.0,70.0,600,No
III,Regirock,Rock,,80.0,100.0,200.0,50.0,100.0,50.0,580,Yes
III,Regice,Ice,,80.0,50.0,100.0,100.0,200.0,50.0,580,Yes
III,Registeel,Steel,,80.0,75.0,150.0,75.0,150.0,50.0,580,Yes
III,Latias,Dragon,Psychic,80.0,80.0,90.0,110.0,130.0,110.0,600,Yes
III,Latios,Dragon,Psychic,80.0,90.0,80.0,130.0,110.0,110.0,600,Yes
III,Kyogre,Water,,100.0,100.0,90.0,150.0,140.0,90.0,670,Yes
III,Groudon,Ground,,100.0,150.0,140.0,100.0,90.0,90.0,670,Yes
III,Rayquaza,Dragon,Flying,105.0,150.0,90.0,150.0,90.0,95.0,680,Yes
III,Deoxys-Normal Forme,Psychic,,50.0,150.0,50.0,150.0,50.0,150.0,600,Yes
III,Deoxys-Attack Forme,Psychic,,50.0,180.0,20.0,180.0,20.0,150.0,600,Yes
III,Deoxys-Defense Forme,Psychic,,50.0,70.0,160.0,70.0,160.0,90.0,600,Yes
III,Deoxys-Speed Forme,Psychic,,50.0,95.0,90.0,95.0,90.0,180.0,600,Yes
IV,Turtwig,Grass,,55.0,68.0,64.0,45.0,55.0,31.0,318,No
IV,Grotle,Grass,,75.0,89.0,85.0,55.0,65.0,36.0,405,No
IV,Torterra,Grass,Ground,95.0,109.0,105.0,75.0,85.0,56.0,525,No
IV,Chimchar,Fire,,44.0,58.0,44.0,58.0,44.0,61.0,309,No
IV,Monferno,Fire,Fighting,64.0,78.0,52.0,78.0,52.0,81.0,405,No
IV,Infernape,Fire,Fighting,76.0,104.0,71.0,104.0,71.0,108.0,534,No
IV,Piplup,Water,,53.0,51.0,53.0,61.0,56.0,40.0,314,No
IV,Prinplup,Water,,64.0,66.0,68.0,81.0,76.0,50.0,405,No
IV,Empoleon,Water,Steel,84.0,86.0,88.0,111.0,101.0,60.0,530,No
IV,Starly,Normal,Flying,40.0,55.0,30.0,30.0,30.0,60.0,245,No
IV,Staravia,Normal,Flying,55.0,75.0,50.0,40.0,40.0,80.0,340,No
IV,Staraptor,Normal,Flying,85.0,120.0,70.0,50.0,60.0,100.0,485,No
IV,Bidoof,Normal,,59.0,45.0,40.0,35.0,40.0,31.0,250,No
IV,Bibarel,Normal,Water,79.0,85.0,60.0,55.0,60.0,71.0,410,No
IV,Kricketot,Bug,,37.0,25.0,41.0,25.0,41.0,25.0,194,No
IV,Kricketune,Bug,,77.0,85.0,51.0,55.0,51.0,65.0,384,No
IV,Shinx,Electric,,45.0,65.0,34.0,40.0,34.0,45.0,263,No
IV,Luxio,Electric,,60.0,85.0,49.0,60.0,49.0,60.0,363,No
IV,Luxray,Electric,,80.0,120.0,79.0,95.0,79.0,70.0,523,No
IV,Budew,Grass,Poison,40.0,30.0,35.0,50.0,70.0,55.0,280,No
IV,Roserade,Grass,Poison,60.0,70.0,65.0,125.0,105.0,90.0,515,No
IV,Cranidos,Rock,,67.0,125.0,40.0,30.0,30.0,58.0,350,No
IV,Rampardos,Rock,,97.0,165.0,60.0,65.0,50.0,58.0,495,No
IV,Shieldon,Rock,Steel,30.0,42.0,118.0,42.0,88.0,30.0,350,No
IV,Bastiodon,Rock,Steel,60.0,52.0,168.0,47.0,138.0,30.0,495,No
IV,Burmy,Bug,,40.0,29.0,45.0,29.0,45.0,36.0,224,No
IV,WormadamPlant Cloak,Bug,Grass,60.0,59.0,85.0,79.0,105.0,36.0,424,No
IV,WormadamSandy Cloak,Bug,Ground,60.0,79.0,105.0,59.0,85.0,36.0,424,No
IV,WormadamTrash Cloak,Bug,Steel,60.0,69.0,95.0,69.0,95.0,36.0,424,No
IV,Mothim,Bug,Flying,70.0,94.0,50.0,94.0,50.0,66.0,424,No
IV,Combee,Bug,Flying,30.0,30.0,42.0,30.0,42.0,70.0,244,No
IV,Vespiquen,Bug,Flying,70.0,80.0,102.0,80.0,102.0,40.0,474,No
IV,Pachirisu,Electric,,60.0,45.0,70.0,45.0,90.0,95.0,405,No
IV,Buizel,Water,,55.0,65.0,35.0,60.0,30.0,85.0,330,No
IV,Floatzel,Water,,85.0,105.0,55.0,85.0,50.0,115.0,495,No
IV,Cherubi,Grass,,45.0,35.0,45.0,62.0,53.0,35.0,275,No
IV,Cherrim,Grass,,70.0,60.0,70.0,87.0,78.0,85.0,450,No
IV,Shellos,Water,,76.0,48.0,48.0,57.0,62.0,34.0,325,No
IV,Gastrodon,Water,Ground,111.0,83.0,68.0,92.0,82.0,39.0,475,No
IV,Ambipom,Normal,,75.0,100.0,66.0,60.0,66.0,115.0,482,No
IV,Drifloon,Ghost,Flying,90.0,50.0,34.0,60.0,44.0,70.0,348,No
IV,Drifblim,Ghost,Flying,150.0,80.0,44.0,90.0,54.0,80.0,498,No
IV,Buneary,Normal,,55.0,66.0,44.0,44.0,56.0,85.0,350,No
IV,Lopunny,Normal,,65.0,76.0,84.0,54.0,96.0,105.0,480,No
IV,Mismagius,Ghost,,60.0,60.0,60.0,105.0,105.0,105.0,495,No
IV,Honchkrow,Dark,Flying,100.0,125.0,52.0,105.0,52.0,71.0,505,No
IV,Glameow,Normal,,49.0,55.0,42.0,42.0,37.0,85.0,310,No
IV,Purugly,Normal,,71.0,82.0,64.0,64.0,59.0,112.0,452,No
IV,Chingling,Psychic,,45.0,30.0,50.0,65.0,50.0,45.0,285,No
IV,Stunky,Poison,Dark,63.0,63.0,47.0,41.0,41.0,74.0,329,No
IV,Skuntank,Poison,Dark,103.0,93.0,67.0,71.0,61.0,84.0,479,No
IV,Bronzor,Steel,Psychic,57.0,24.0,86.0,24.0,86.0,23.0,300,No
IV,Bronzong,Steel,Psychic,67.0,89.0,116.0,79.0,116.0,33.0,500,No
IV,Bonsly,Rock,,50.0,80.0,95.0,10.0,45.0,10.0,290,No
IV,Mime Jr.,Psychic,Fairy,20.0,25.0,45.0,70.0,90.0,60.0,310,No
IV,Happiny,Normal,,100.0,5.0,5.0,15.0,65.0,30.0,220,No
IV,Chatot,Normal,Flying,76.0,65.0,45.0,92.0,42.0,91.0,411,No
IV,Spiritomb,Ghost,Dark,50.0,92.0,108.0,92.0,108.0,35.0,485,No
IV,Gible,Dragon,Ground,58.0,70.0,45.0,40.0,45.0,42.0,300,No
IV,Gabite,Dragon,Ground,68.0,90.0,65.0,50.0,55.0,82.0,410,No
IV,Garchomp,Dragon,Ground,108.0,130.0,95.0,80.0,85.0,102.0,600,No
IV,Munchlax,Normal,,135.0,85.0,40.0,40.0,85.0,5.0,390,No
IV,Riolu,Fighting,,40.0,70.0,40.0,35.0,40.0,60.0,285,No
IV,Lucario,Fighting,Steel,70.0,110.0,70.0,115.0,70.0,90.0,525,No
IV,Hippopotas,Ground,,68.0,72.0,78.0,38.0,42.0,32.0,330,No
IV,Hippowdon,Ground,,108.0,112.0,118.0,68.0,72.0,47.0,525,No
IV,Skorupi,Poison,Bug,40.0,50.0,90.0,30.0,55.0,65.0,330,No
IV,Drapion,Poison,Dark,70.0,90.0,110.0,60.0,75.0,95.0,500,No
IV,Croagunk,Poison,Fighting,48.0,61.0,40.0,61.0,40.0,50.0,300,No
IV,Toxicroak,Poison,Fighting,83.0,106.0,65.0,86.0,65.0,85.0,490,No
IV,Carnivine,Grass,,74.0,100.0,72.0,90.0,72.0,46.0,454,No
IV,Finneon,Water,,49.0,49.0,56.0,49.0,61.0,66.0,330,No
IV,Lumineon,Water,,69.0,69.0,76.0,69.0,86.0,91.0,460,No
IV,Mantyke,Water,Flying,45.0,20.0,50.0,60.0,120.0,50.0,345,No
IV,Snover,Grass,Ice,60.0,62.0,50.0,62.0,60.0,40.0,334,No
IV,Abomasnow,Grass,Ice,90.0,92.0,75.0,92.0,85.0,60.0,494,No
IV,Weavile,Dark,Ice,70.0,120.0,65.0,45.0,85.0,125.0,510,No
IV,Magnezone,Electric,Steel,70.0,70.0,115.0,130.0,90.0,60.0,535,No
IV,Lickilicky,Normal,,110.0,85.0,95.0,80.0,95.0,50.0,515,No
IV,Rhyperior,Ground,Rock,115.0,140.0,130.0,55.0,55.0,40.0,535,No
IV,Tangrowth,Grass,,100.0,100.0,125.0,110.0,50.0,50.0,535,No
IV,Electivire,Electric,,75.0,123.0,67.0,95.0,85.0,95.0,540,No
IV,Magmortar,Fire,,75.0,95.0,67.0,125.0,95.0,83.0,540,No
IV,Togekiss,Fairy,Flying,85.0,50.0,95.0,120.0,115.0,80.0,545,No
IV,Yanmega,Bug,Flying,86.0,76.0,86.0,116.0,56.0,95.0,515,No
IV,Leafeon,Grass,,65.0,110.0,130.0,60.0,65.0,95.0,525,No
IV,Glaceon,Ice,,65.0,60.0,110.0,130.0,95.0,65.0,525,No
IV,Gliscor,Ground,Flying,75.0,95.0,125.0,45.0,75.0,95.0,510,No
IV,Mamoswine,Ice,Ground,110.0,130.0,80.0,70.0,60.0,80.0,530,No
IV,Porygon-Z,Normal,,85.0,80.0,70.0,135.0,75.0,90.0,535,No
IV,Gallade,Psychic,Fighting,68.0,125.0,65.0,65.0,115.0,80.0,518,No
IV,Probopass,Rock,Steel,60.0,55.0,145.0,75.0,150.0,40.0,525,No
IV,Dusknoir,Ghost,,45.0,100.0,135.0,65.0,135.0,45.0,525,No
IV,Froslass,Ice,Ghost,70.0,80.0,70.0,80.0,70.0,110.0,480,No
IV,Rotom,Electric,Ghost,50.0,50.0,77.0,95.0,77.0,91.0,440,No
IV,Rotom-Heat,Electric,Fire,50.0,65.0,107.0,105.0,107.0,86.0,520,No
IV,Rotom-Wash,Electric,Water,50.0,65.0,107.0,105.0,107.0,86.0,520,No
IV,Rotom-Frost,Electric,Ice,50.0,65.0,107.0,105.0,107.0,86.0,520,No
IV,Rotom-Fan,Electric,Flying,50.0,65.0,107.0,105.0,107.0,86.0,520,No
IV,Rotom-Mow,Electric,Grass,50.0,65.0,107.0,105.0,107.0,86.0,520,No
IV,Uxie,Psychic,,75.0,75.0,130.0,75.0,130.0,95.0,580,Yes
IV,Mesprit,Psychic,,80.0,105.0,105.0,105.0,105.0,80.0,580,Yes
IV,Azelf,Psychic,,75.0,125.0,70.0,125.0,70.0,115.0,580,Yes
IV,Dialga,Steel,Dragon,100.0,120.0,120.0,150.0,100.0,90.0,680,Yes
IV,Palkia,Water,Dragon,90.0,120.0,100.0,150.0,120.0,100.0,680,Yes
IV,Heatran,Fire,Steel,91.0,90.0,106.0,130.0,106.0,77.0,600,Yes
IV,Regigigas,Normal,,110.0,160.0,110.0,80.0,110.0,100.0,670,Yes
IV,Giratina-Altered Forme,Ghost,Dragon,150.0,100.0,120.0,100.0,120.0,90.0,680,Yes
IV,Giratina-Origin Forme,Ghost,Dragon,150.0,120.0,100.0,120.0,100.0,90.0,680,Yes
IV,Cresselia,Psychic,,120.0,70.0,120.0,75.0,130.0,85.0,600,Yes
V,Snivy,Grass,,45.0,45.0,55.0,45.0,55.0,63.0,308,No
V,Servine,Grass,,60.0,60.0,75.0,60.0,75.0,83.0,413,No
V,Serperior,Grass,,75.0,75.0,95.0,75.0,95.0,113.0,528,No
V,Tepig,Fire,,65.0,63.0,45.0,45.0,45.0,45.0,308,No
V,Pignite,Fire,Fighting,90.0,93.0,55.0,70.0,55.0,55.0,418,No
V,Emboar,Fire,Fighting,110.0,123.0,65.0,100.0,65.0,65.0,528,No
V,Oshawott,Water,,55.0,55.0,45.0,63.0,45.0,45.0,308,No
V,Dewott,Water,,75.0,75.0,60.0,83.0,60.0,60.0,413,No
V,Samurott,Water,,95.0,100.0,85.0,108.0,70.0,70.0,528,No
V,Patrat,Normal,,45.0,55.0,39.0,35.0,39.0,42.0,255,No
V,Watchog,Normal,,60.0,85.0,69.0,60.0,69.0,77.0,420,No
V,Lillipup,Normal,,45.0,60.0,45.0,25.0,45.0,55.0,275,No
V,Herdier,Normal,,65.0,80.0,65.0,35.0,65.0,60.0,370,No
V,Stoutland,Normal,,85.0,110.0,90.0,45.0,90.0,80.0,500,No
V,Purrloin,Dark,,41.0,50.0,37.0,50.0,37.0,66.0,281,No
V,Liepard,Dark,,64.0,88.0,50.0,88.0,50.0,106.0,446,No
V,Pansage,Grass,,50.0,53.0,48.0,53.0,48.0,64.0,316,No
V,Simisage,Grass,,75.0,98.0,63.0,98.0,63.0,101.0,498,No
V,Pansear,Fire,,50.0,53.0,48.0,53.0,48.0,64.0,316,No
V,Simisear,Fire,,75.0,98.0,63.0,98.0,63.0,101.0,498,No
V,Panpour,Water,,50.0,53.0,48.0,53.0,48.0,64.0,316,No
V,Simipour,Water,,75.0,98.0,63.0,98.0,63.0,101.0,498,No
V,Munna,Psychic,,76.0,25.0,45.0,67.0,55.0,24.0,292,No
V,Musharna,Psychic,,116.0,55.0,85.0,107.0,95.0,29.0,487,No
V,Pidove,Normal,Flying,50.0,55.0,50.0,36.0,30.0,43.0,264,No
V,Tranquill,Normal,Flying,62.0,77.0,62.0,50.0,42.0,65.0,358,No
V,Unfezant,Normal,Flying,80.0,115.0,80.0,65.0,55.0,93.0,488,No
V,Blitzle,Electric,,45.0,60.0,32.0,50.0,32.0,76.0,295,No
V,Zebstrika,Electric,,75.0,100.0,63.0,80.0,63.0,116.0,497,No
V,Roggenrola,Rock,,55.0,75.0,85.0,25.0,25.0,15.0,280,No
V,Boldore,Rock,,70.0,105.0,105.0,50.0,40.0,20.0,390,No
V,Gigalith,Rock,,85.0,135.0,130.0,60.0,80.0,25.0,515,No
V,Woobat,Psychic,Flying,55.0,45.0,43.0,55.0,43.0,72.0,313,No
V,Swoobat,Psychic,Flying,67.0,57.0,55.0,77.0,55.0,114.0,425,No
V,Drilbur,Ground,,60.0,85.0,40.0,30.0,45.0,68.0,328,No
V,Excadrill,Ground,Steel,110.0,135.0,60.0,50.0,65.0,88.0,508,No
V,Audino,Normal,,103.0,60.0,86.0,60.0,86.0,50.0,445,No
V,Timburr,Fighting,,75.0,80.0,55.0,25.0,35.0,35.0,305,No
V,Gurdurr,Fighting,,85.0,105.0,85.0,40.0,50.0,40.0,405,No
V,Conkeldurr,Fighting,,105.0,140.0,95.0,55.0,65.0,45.0,505,No
V,Tympole,Water,,50.0,50.0,40.0,50.0,40.0,64.0,294,No
V,Palpitoad,Water,Ground,75.0,65.0,55.0,65.0,55.0,69.0,384,No
V,Seismitoad,Water,Ground,105.0,95.0,75.0,85.0,75.0,74.0,509,No
V,Throh,Fighting,,120.0,100.0,85.0,30.0,85.0,45.0,465,No
V,Sawk,Fighting,,75.0,125.0,75.0,30.0,75.0,85.0,465,No
V,Sewaddle,Bug,Grass,45.0,53.0,70.0,40.0,60.0,42.0,310,No
V,Swadloon,Bug,Grass,55.0,63.0,90.0,50.0,80.0,42.0,380,No
V,Leavanny,Bug,Grass,75.0,103.0,80.0,70.0,80.0,92.0,500,No
V,Venipede,Bug,Poison,30.0,45.0,59.0,30.0,39.0,57.0,260,No
V,Whirlipede,Bug,Poison,40.0,55.0,99.0,40.0,79.0,47.0,360,No
V,Scolipede,Bug,Poison,60.0,100.0,89.0,55.0,69.0,112.0,485,No
V,Cottonee,Grass,Fairy,40.0,27.0,60.0,37.0,50.0,66.0,280,No
V,Whimsicott,Grass,Fairy,60.0,67.0,85.0,77.0,75.0,116.0,480,No
V,Petilil,Grass,,45.0,35.0,50.0,70.0,50.0,30.0,280,No
V,Lilligant,Grass,,70.0,60.0,75.0,110.0,75.0,90.0,480,No
V,Basculin,Water,,70.0,92.0,65.0,80.0,55.0,98.0,460,No
V,Sandile,Ground,Dark,50.0,72.0,35.0,35.0,35.0,65.0,292,No
V,Krokorok,Ground,Dark,60.0,82.0,45.0,45.0,45.0,74.0,351,No
V,Krookodile,Ground,Dark,95.0,117.0,80.0,65.0,70.0,92.0,519,No
V,Darumaka,Fire,,70.0,90.0,45.0,15.0,45.0,50.0,315,No
V,DarmanitanStandard Mode,Fire,,105.0,140.0,55.0,30.0,55.0,95.0,480,No
V,DarmanitanZen Mode,Fire,Psychic,105.0,30.0,105.0,140.0,105.0,55.0,540,No
V,Maractus,Grass,,75.0,86.0,67.0,106.0,67.0,60.0,461,No
V,Dwebble,Bug,Rock,50.0,65.0,85.0,35.0,35.0,55.0,325,No
V,Crustle,Bug,Rock,70.0,95.0,125.0,65.0,75.0,45.0,475,No
V,Scraggy,Dark,Fighting,50.0,75.0,70.0,35.0,70.0,48.0,348,No
V,Scrafty,Dark,Fighting,65.0,90.0,115.0,45.0,115.0,58.0,488,No
V,Sigilyph,Psychic,Flying,72.0,58.0,80.0,103.0,80.0,97.0,490,No
V,Yamask,Ghost,,38.0,30.0,85.0,55.0,65.0,30.0,303,No
V,Cofagrigus,Ghost,,58.0,50.0,145.0,95.0,105.0,30.0,483,No
V,Tirtouga,Water,Rock,54.0,78.0,103.0,53.0,45.0,22.0,355,No
V,Carracosta,Water,Rock,74.0,108.0,133.0,83.0,65.0,32.0,495,No
V,Archen,Rock,Flying,55.0,112.0,45.0,74.0,45.0,70.0,401,No
V,Archeops,Rock,Flying,75.0,140.0,65.0,112.0,65.0,110.0,567,No
V,Trubbish,Poison,,50.0,50.0,62.0,40.0,62.0,65.0,329,No
V,Garbodor,Poison,,80.0,95.0,82.0,60.0,82.0,75.0,474,No
V,Zorua,Dark,,40.0,65.0,40.0,80.0,40.0,65.0,330,No
V,Zoroark,Dark,,60.0,105.0,60.0,120.0,60.0,105.0,510,No
V,Minccino,Normal,,55.0,50.0,40.0,40.0,40.0,75.0,300,No
V,Cinccino,Normal,,75.0,95.0,60.0,65.0,60.0,115.0,470,No
V,Gothita,Psychic,,45.0,30.0,50.0,55.0,65.0,45.0,290,No
V,Gothorita,Psychic,,60.0,45.0,70.0,75.0,85.0,55.0,390,No
V,Gothitelle,Psychic,,70.0,55.0,95.0,95.0,110.0,65.0,490,No
V,Solosis,Psychic,,45.0,30.0,40.0,105.0,50.0,20.0,290,No
V,Duosion,Psychic,,65.0,40.0,50.0,125.0,60.0,30.0,370,No
V,Reuniclus,Psychic,,110.0,65.0,75.0,125.0,85.0,30.0,490,No
V,Ducklett,Water,Flying,62.0,44.0,50.0,44.0,50.0,55.0,305,No
V,Swanna,Water,Flying,75.0,87.0,63.0,87.0,63.0,98.0,473,No
V,Vanillite,Ice,,36.0,50.0,50.0,65.0,60.0,44.0,305,No
V,Vanillish,Ice,,51.0,65.0,65.0,80.0,75.0,59.0,395,No
V,Vanilluxe,Ice,,71.0,95.0,85.0,110.0,95.0,79.0,535,No
V,Deerling,Normal,Grass,60.0,60.0,50.0,40.0,50.0,75.0,335,No
V,Sawsbuck,Normal,Grass,80.0,100.0,70.0,60.0,70.0,95.0,475,No
V,Emolga,Electric,Flying,55.0,75.0,60.0,75.0,60.0,103.0,428,No
V,Karrablast,Bug,,50.0,75.0,45.0,40.0,45.0,60.0,315,No
V,Escavalier,Bug,Steel,70.0,135.0,105.0,60.0,105.0,20.0,495,No
V,Foongus,Grass,Poison,69.0,55.0,45.0,55.0,55.0,15.0,294,No
V,Amoonguss,Grass,Poison,114.0,85.0,70.0,85.0,80.0,30.0,464,No
V,Frillish,Water,Ghost,55.0,40.0,50.0,65.0,85.0,40.0,335,No
V,Jellicent,Water,Ghost,100.0,60.0,70.0,85.0,105.0,60.0,480,No
V,Alomomola,Water,,165.0,75.0,80.0,40.0,45.0,65.0,470,No
V,Joltik,Bug,Electric,50.0,47.0,50.0,57.0,50.0,65.0,319,No
V,Galvantula,Bug,Electric,70.0,77.0,60.0,97.0,60.0,108.0,472,No
V,Ferroseed,Grass,Steel,44.0,50.0,91.0,24.0,86.0,10.0,305,No
V,Ferrothorn,Grass,Steel,74.0,94.0,131.0,54.0,116.0,20.0,489,No
V,Klink,Steel,,40.0,55.0,70.0,45.0,60.0,30.0,300,No
V,Klang,Steel,,60.0,80.0,95.0,70.0,85.0,50.0,440,No
V,Klinklang,Steel,,60.0,100.0,115.0,70.0,85.0,90.0,520,No
V,Tynamo,Electric,,35.0,55.0,40.0,45.0,40.0,60.0,275,No
V,Eelektrik,Electric,,65.0,85.0,70.0,75.0,70.0,40.0,405,No
V,Eelektross,Electric,,85.0,115.0,80.0,105.0,80.0,50.0,515,No
V,Elgyem,Psychic,,55.0,55.0,55.0,85.0,55.0,30.0,335,No
V,Beheeyem,Psychic,,75.0,75.0,75.0,125.0,95.0,40.0,485,No
V,Litwick,Ghost,Fire,50.0,30.0,55.0,65.0,55.0,20.0,275,No
V,Lampent,Ghost,Fire,60.0,40.0,60.0,95.0,60.0,55.0,370,No
V,Chandelure,Ghost,Fire,60.0,55.0,90.0,145.0,90.0,80.0,520,No
V,Axew,Dragon,,46.0,87.0,60.0,30.0,40.0,57.0,320,No
V,Fraxure,Dragon,,66.0,117.0,70.0,40.0,50.0,67.0,410,No
V,Haxorus,Dragon,,76.0,147.0,90.0,60.0,70.0,97.0,540,No
V,Cubchoo,Ice,,55.0,70.0,40.0,60.0,40.0,40.0,305,No
V,Beartic,Ice,,95.0,110.0,80.0,70.0,80.0,50.0,485,No
V,Cryogonal,Ice,,70.0,50.0,30.0,95.0,135.0,105.0,485,No
V,Shelmet,Bug,,50.0,40.0,85.0,40.0,65.0,25.0,305,No
V,Accelgor,Bug,,80.0,70.0,40.0,100.0,60.0,145.0,495,No
V,Stunfisk,Ground,Electric,109.0,66.0,84.0,81.0,99.0,32.0,471,No
V,Mienfoo,Fighting,,45.0,85.0,50.0,55.0,50.0,65.0,350,No
V,Mienshao,Fighting,,65.0,125.0,60.0,95.0,60.0,105.0,510,No
V,Druddigon,Dragon,,77.0,120.0,90.0,60.0,90.0,48.0,485,No
V,Golett,Ground,Ghost,59.0,74.0,50.0,35.0,50.0,35.0,303,No
V,Golurk,Ground,Ghost,89.0,124.0,80.0,55.0,80.0,55.0,483,No
V,Pawniard,Dark,Steel,45.0,85.0,70.0,40.0,40.0,60.0,340,No
V,Bisharp,Dark,Steel,65.0,125.0,100.0,60.0,70.0,70.0,490,No
V,Bouffalant,Normal,,95.0,110.0,95.0,40.0,95.0,55.0,490,No
V,Rufflet,Normal,Flying,70.0,83.0,50.0,37.0,50.0,60.0,350,No
V,Braviary,Normal,Flying,100.0,123.0,75.0,57.0,75.0,80.0,510,No
V,Vullaby,Dark,Flying,70.0,55.0,75.0,45.0,65.0,60.0,370,No
V,Mandibuzz,Dark,Flying,110.0,65.0,105.0,55.0,95.0,80.0,510,No
V,Heatmor,Fire,,85.0,97.0,66.0,105.0,66.0,65.0,484,No
V,Durant,Bug,Steel,58.0,109.0,112.0,48.0,48.0,109.0,484,No
V,Deino,Dark,Dragon,52.0,65.0,50.0,45.0,50.0,38.0,300,No
V,Zweilous,Dark,Dragon,72.0,85.0,70.0,65.0,70.0,58.0,420,No
V,Hydreigon,Dark,Dragon,92.0,105.0,90.0,125.0,90.0,98.0,600,No
V,Larvesta,Bug,Fire,55.0,85.0,55.0,50.0,55.0,60.0,360,No
V,Volcarona,Bug,Fire,85.0,60.0,65.0,135.0,105.0,100.0,550,No
V,Cobalion,Steel,Fighting,91.0,90.0,129.0,90.0,72.0,108.0,580,Yes
V,Terrakion,Rock,Fighting,91.0,129.0,90.0,72.0,90.0,108.0,580,Yes
V,Virizion,Grass,Fighting,91.0,90.0,72.0,90.0,129.0,108.0,580,Yes
V,Tornadus-Incarnate Forme,Flying,,79.0,115.0,70.0,125.0,80.0,111.0,580,Yes
V,Tornadus-Therian Forme,Flying,,79.0,100.0,80.0,110.0,90.0,121.0,580,Yes
V,Thundurus-Incarnate Forme,Electric,Flying,79.0,115.0,70.0,125.0,80.0,111.0,580,Yes
V,Thundurus-Therian Forme,Electric,Flying,79.0,105.0,70.0,145.0,80.0,101.0,580,Yes
V,Reshiram,Dragon,Fire,100.0,120.0,100.0,150.0,120.0,90.0,680,Yes
V,Zekrom,Dragon,Electric,100.0,150.0,120.0,120.0,100.0,90.0,680,Yes
V,Landorus-Incarnate Forme,Ground,Flying,89.0,125.0,90.0,115.0,80.0,101.0,600,Yes
V,Landorus-Therian Forme,Ground,Flying,89.0,145.0,90.0,105.0,80.0,91.0,600,Yes
V,Kyurem,Dragon,Ice,125.0,130.0,90.0,130.0,90.0,95.0,660,Yes
V,Kyurem-Black,Dragon,Ice,125.0,170.0,100.0,120.0,90.0,95.0,700,Yes
V,Kyurem-White,Dragon,Ice,125.0,120.0,90.0,170.0,100.0,95.0,700,Yes
VI,Chespin,Grass,,56.0,61.0,65.0,48.0,45.0,38.0,313,No
VI,Quilladin,Grass,,61.0,78.0,95.0,56.0,58.0,57.0,405,No
VI,Chesnaught,Grass,Fighting,88.0,107.0,122.0,74.0,75.0,64.0,530,No
VI,Fennekin,Fire,,40.0,45.0,40.0,62.0,60.0,60.0,307,No
VI,Braixen,Fire,,59.0,59.0,58.0,90.0,70.0,73.0,409,No
VI,Delphox,Fire,Psychic,75.0,69.0,72.0,114.0,100.0,104.0,534,No
VI,Froakie,Water,,41.0,56.0,40.0,62.0,44.0,71.0,314,No
VI,Frogadier,Water,,54.0,63.0,52.0,83.0,56.0,97.0,405,No
VI,Greninja,Water,Dark,72.0,95.0,67.0,103.0,71.0,122.0,530,No
VI,Bunnelby,Normal,,38.0,36.0,38.0,32.0,36.0,57.0,237,No
VI,Diggersby,Normal,Ground,85.0,56.0,77.0,50.0,77.0,78.0,423,No
VI,Fletchling,Normal,Flying,45.0,50.0,43.0,40.0,38.0,62.0,278,No
VI,Fletchinder,Fire,Flying,62.0,73.0,55.0,56.0,52.0,84.0,382,No
VI,Talonflame,Fire,Flying,78.0,81.0,71.0,74.0,69.0,126.0,499,No
VI,Scatterbug,Bug,,38.0,35.0,40.0,27.0,25.0,35.0,200,No
VI,Spewpa,Bug,,45.0,22.0,60.0,27.0,30.0,29.0,213,No
VI,Vivillon,Bug,Flying,80.0,52.0,50.0,90.0,50.0,89.0,411,No
VI,Litleo,Fire,Normal,62.0,50.0,58.0,73.0,54.0,72.0,369,No
VI,Pyroar,Fire,Normal,86.0,68.0,72.0,109.0,66.0,106.0,507,No
VI,Flabebe,Fairy,,44.0,38.0,39.0,61.0,79.0,42.0,303,No
VI,Floette,Fairy,,54.0,45.0,47.0,75.0,98.0,52.0,371,No
VI,Florges,Fairy,,78.0,65.0,68.0,112.0,154.0,75.0,552,No
VI,Skiddo,Grass,,66.0,65.0,48.0,62.0,57.0,52.0,350,No
VI,Gogoat,Grass,,123.0,100.0,62.0,97.0,81.0,68.0,531,No
VI,Pancham,Fighting,,67.0,82.0,62.0,46.0,48.0,43.0,348,No
VI,Pangoro,Fighting,Dark,95.0,124.0,78.0,69.0,71.0,58.0,495,No
VI,Furfrou,Normal,,75.0,80.0,60.0,65.0,90.0,102.0,472,No
VI,Espurr,Psychic,,62.0,48.0,54.0,63.0,60.0,68.0,355,No
VI,MeowsticMale,Psychic,,74.0,48.0,76.0,83.0,81.0,104.0,466,No
VI,MeowsticFemale,Psychic,,74.0,48.0,76.0,83.0,81.0,104.0,466,No
VI,Honedge,Steel,Ghost,45.0,80.0,100.0,35.0,37.0,28.0,325,No
VI,Doublade,Steel,Ghost,59.0,110.0,150.0,45.0,49.0,35.0,448,No
VI,AegislashBlade Forme,Steel,Ghost,60.0,150.0,50.0,150.0,50.0,60.0,520,No
VI,AegislashShield Forme,Steel,Ghost,60.0,50.0,150.0,50.0,150.0,60.0,520,No
VI,Spritzee,Fairy,,78.0,52.0,60.0,63.0,65.0,23.0,341,No
VI,Aromatisse,Fairy,,101.0,72.0,72.0,99.0,89.0,29.0,462,No
VI,Swirlix,Fairy,,62.0,48.0,66.0,59.0,57.0,49.0,341,No
VI,Slurpuff,Fairy,,82.0,80.0,86.0,85.0,75.0,72.0,480,No
VI,Inkay,Dark,Psychic,53.0,54.0,53.0,37.0,46.0,45.0,288,No
VI,Malamar,Dark,Psychic,86.0,92.0,88.0,68.0,75.0,73.0,482,No
VI,Binacle,Rock,Water,42.0,52.0,67.0,39.0,56.0,50.0,306,No
VI,Barbaracle,Rock,Water,72.0,105.0,115.0,54.0,86.0,68.0,500,No
VI,Skrelp,Poison,Water,50.0,60.0,60.0,60.0,60.0,30.0,320,No
VI,Dragalge,Poison,Dragon,65.0,75.0,90.0,97.0,123.0,44.0,494,No
VI,Clauncher,Water,,50.0,53.0,62.0,58.0,63.0,44.0,330,No
VI,Clawitzer,Water,,71.0,73.0,88.0,120.0,89.0,59.0,500,No
VI,Helioptile,Electric,Normal,44.0,38.0,33.0,61.0,43.0,70.0,289,No
VI,Heliolisk,Electric,Normal,62.0,55.0,52.0,109.0,94.0,109.0,481,No
VI,Tyrunt,Rock,Dragon,58.0,89.0,77.0,45.0,45.0,48.0,362,No
VI,Tyrantrum,Rock,Dragon,82.0,121.0,119.0,69.0,59.0,71.0,521,No
VI,Amaura,Rock,Ice,77.0,59.0,50.0,67.0,63.0,46.0,362,No
VI,Aurorus,Rock,Ice,123.0,77.0,72.0,99.0,92.0,58.0,521,No
VI,Sylveon,Fairy,,95.0,65.0,65.0,110.0,130.0,60.0,525,No
VI,Hawlucha,Fighting,Flying,78.0,92.0,75.0,74.0,63.0,118.0,500,No
VI,Dedenne,Electric,Fairy,67.0,58.0,57.0,81.0,67.0,101.0,431,No
VI,Carbink,Rock,Fairy,50.0,50.0,150.0,50.0,150.0,50.0,500,No
VI,Goomy,Dragon,,45.0,50.0,35.0,55.0,75.0,40.0,300,No
VI,Sliggoo,Dragon,,68.0,75.0,53.0,83.0,113.0,60.0,452,No
VI,Goodra,Dragon,,90.0,100.0,70.0,110.0,150.0,80.0,600,No
VI,Klefki,Steel,Fairy,57.0,80.0,91.0,80.0,87.0,75.0,470,No
VI,Phantump,Ghost,Grass,43.0,70.0,48.0,50.0,60.0,38.0,309,No
VI,Trevenant,Ghost,Grass,85.0,110.0,76.0,65.0,82.0,56.0,474,No
VI,PumpkabooAverage Size,Ghost,Grass,49.0,66.0,70.0,44.0,55.0,51.0,335,No
VI,PumpkabooSmall Size,Ghost,Grass,44.0,66.0,70.0,44.0,55.0,56.0,335,No
VI,PumpkabooLarge Size,Ghost,Grass,54.0,66.0,70.0,44.0,55.0,46.0,335,No
VI,PumpkabooSuper Size,Ghost,Grass,59.0,66.0,70.0,44.0,55.0,41.0,335,No
VI,GourgeistAverage Size,Ghost,Grass,65.0,90.0,122.0,58.0,75.0,84.0,494,No
VI,GourgeistSmall Size,Ghost,Grass,55.0,85.0,122.0,58.0,75.0,99.0,494,No
VI,GourgeistLarge Size,Ghost,Grass,75.0,95.0,122.0,58.0,75.0,69.0,494,No
VI,GourgeistSuper Size,Ghost,Grass,85.0,100.0,122.0,58.0,75.0,54.0,494,No
VI,Bergmite,Ice,,55.0,69.0,85.0,32.0,35.0,28.0,304,No
VI,Avalugg,Ice,,95.0,117.0,184.0,44.0,46.0,28.0,514,No
VI,Noibat,Flying,Dragon,40.0,30.0,35.0,45.0,40.0,55.0,245,No
VI,Noivern,Flying,Dragon,85.0,70.0,80.0,97.0,80.0,123.0,535,No
VI,Xerneas,Fairy,,126.0,131.0,95.0,131.0,98.0,99.0,680,Yes
VI,Yveltal,Dark,Flying,126.0,131.0,95.0,131.0,98.0,99.0,680,Yes
VI,Zygarde10%Forme,Dragon,Ground,54.0,100.0,71.0,61.0,85.0,115.0,486,Yes
VI,Zygarde50% Forme,Dragon,Ground,108.0,100.0,121.0,81.0,95.0,95.0,600,Yes
VI,ZygardeComplete,Dragon,Ground,216.0,100.0,121.0,91.0,95.0,85.0,708,Yes
VII,Rowlet,Grass,Flying,68.0,55.0,55.0,50.0,50.0,42.0,320,No
VII,Dartrix,Grass,Flying,78.0,75.0,75.0,70.0,70.0,52.0,420,No
VII,Decidueye,Grass,Ghost,78.0,107.0,75.0,100.0,100.0,70.0,530,No
VII,Litten,Fire,,45.0,65.0,40.0,60.0,40.0,70.0,320,No
VII,Torracat,Fire,,65.0,85.0,50.0,80.0,50.0,90.0,420,No
VII,Incineroar,Fire,Dark,95.0,115.0,90.0,80.0,90.0,60.0,530,No
VII,Popplio,Water,,50.0,54.0,54.0,66.0,56.0,40.0,320,No
VII,Brionne,Water,,60.0,69.0,69.0,91.0,81.0,50.0,420,No
VII,Primarina,Water,Fairy,80.0,74.0,74.0,126.0,116.0,60.0,530,No
VII,Pikipek,Normal,Flying,35.0,75.0,30.0,30.0,30.0,65.0,265,No
VII,Trumbeak,Normal,Flying,55.0,85.0,50.0,40.0,50.0,75.0,355,No
VII,Toucannon,Normal,Flying,80.0,120.0,75.0,75.0,75.0,60.0,485,No
VII,Yungoos,Normal,,48.0,70.0,30.0,30.0,30.0,45.0,253,No
VII,Gumshoos,Normal,,88.0,110.0,60.0,55.0,60.0,45.0,418,No
VII,Grubbin,Bug,,47.0,62.0,45.0,55.0,45.0,46.0,300,No
VII,Charjabug,Bug,Electric,57.0,82.0,95.0,55.0,75.0,36.0,400,No
VII,Vikavolt,Bug,Electric,77.0,70.0,90.0,145.0,75.0,43.0,500,No
VII,Crabrawler,Fighting,,47.0,82.0,57.0,42.0,47.0,63.0,338,No
VII,Crabominable,Fighting,Ice,97.0,132.0,77.0,62.0,67.0,43.0,478,No
VII,Oricorio,Fire,Flying,,,,,,,0,No
VII,Cutiefly,Bug,Fairy,,,,,,,0,No
VII,Ribombee,Bug,Fairy,,,,,,,0,No
VII,Rockruff,Rock,,,,,,,,0,No
VII,Lycanroc,Rock,,,,,,,,0,No
VII,Wishiwashi,Water,,,,,,,,0,No
VII,Wishiwashi-School,Water,,,,,,,,0,No
VII,Mareanie,Poison,Water,,,,,,,0,No
VII,Toxapex,Poison,Water,,,,,,,0,No
VII,Mudbray,Ground,,,,,,,,0,No
VII,Mudsdale,Ground,,,,,,,,0,No
VII,Dewpider,Water,Bug,,,,,,,0,No
VII,Araquanid,Water,Bug,,,,,,,0,No
VII,Formantis,Grass,,,,,,,,0,No
VII,Lurantis,Grass,,,,,,,,0,No
VII,Morelull,Grass,Fairy,,,,,,,0,No
VII,Shiinotic,Grass,Fairy,,,,,,,0,No
VII,Salandit,Poison,Fire,,,,,,,0,No
VII,Salazzle,Poison,Fire,,,,,,,0,No
VII,Stufful,Normal,Fighting,,,,,,,0,No
VII,Bewear,Normal,Fighting,,,,,,,0,No
VII,Bounsweet,Grass,,,,,,,,0,No
VII,Steenee,Grass,,,,,,,,0,No
VII,Tsareena,Grass,,,,,,,,0,No
VII,Comfey,Fairy,,,,,,,,0,No
VII,Oranguru,Normal,Psychic,,,,,,,0,No
VII,Passimian,Fighting,,,,,,,,0,No
VII,Wimpod,Bug,Water,,,,,,,0,No
VII,Golisopod,Bug,Water,,,,,,,0,No
VII,Sandygast,Ghost,Ground,,,,,,,0,No
VII,Palossand,Ghost,Ground,,,,,,,0,No
VII,Pyukumuku,Water,,,,,,,,0,No
VII,Type: Null,Normal,,,,,,,,0,No
VII,Silvally,Normal,,,,,,,,0,No
VII,Minior,Rock,Flying,,,,,,,0,No
VII,Komala,Normal,,,,,,,,0,No
VII,Turtonator,Fire,Dragon,,,,,,,0,No
VII,Togedemaru,Electric,Steel,,,,,,,0,No
VII,Mimikyu,Ghost,Fairy,,,,,,,0,No
VII,Bruxish,Water,Psychic,,,,,,,0,No
VII,Drampa,Normal,Dragon,,,,,,,0,No
VII,Dhelmise,Ghost,Grass,,,,,,,0,No
VII,Jangmo-o,Dragon,,,,,,,,0,No
VII,Hakamo-o,Dragon,Fighting,,,,,,,0,No
VII,Kommo-o,Dragon,Fighting,,,,,,,0,No
VII,Tapu Koko,Electric,Fairy,,,,,,,0,Yes
VII,Tapu Lele,Psychic,Fairy,,,,,,,0,Yes
VII,Tapu Bulu,Grass,Fairy,,,,,,,0,Yes
VII,Tapu Fini,Water,Fairy,,,,,,,0,Yes
VII,Cosmog,Psychic,,,,,,,,0,Yes
VII,Cosmoem,Psychic,,,,,,,,0,Yes
VII,Solgaleo,Psychic,Steel,,,,,,,0,Yes
VII,Lunala,Psychic,Ghost,,,,,,,0,Yes
VII,Nihilego,Rock,Poison,,,,,,,0,No
VII,Buzzwole,Bug,Fighting,,,,,,,0,No
VII,Pheromosa,Bug,Fighting,,,,,,,0,No
VII,Xurkitree,Electric,,,,,,,,0,No
VII,Celesteela,Steel,Flying,,,,,,,0,No
VII,Kartana,Grass,Steel,,,,,,,0,No
VII,Guzzlord,Dark,Dragon,,,,,,,0,No
VII,Necrozma,Psychic,,,,,,,,0,Yes
VII,Necrozma-Dusk Mane,Psychic,Steel,,,,,,,0,Yes
VII,Necrozma-Dawn Wings,Psychic,Ghost,,,,,,,0,Yes
VII,Necrozma-Ultra Necrozma,Psychic,Dragon,,,,,,,0,Yes
VII,Magearna,Steel,Fairy,,,,,,,0,No
VII,Marshadow,Fighting,Ghost,,,,,,,0,No
VII,Poipole,Poison,,,,,,,,0,No
VII,Naganadel,Poison,Dragon,,,,,,,0,No
VII,Stakataka,Rock,Steel,,,,,,,0,No
VII,Blacephalon,Fire,Ghost,,,,,,,0,No
VII,Zeraora,Electric,,,,,,,,0,No
VII,Meltan,Steel,,,,,,,,0,No
VII,Melmetal,Steel,,,,,,,,0,No
VIII,Grookey,Grass,,,,,,,,0,No
VIII,Thwackey,Grass,,,,,,,,0,No
VIII,Rillaboom,Grass,,,,,,,,0,No
VIII,Scorbunny,Fire,,,,,,,,0,No
VIII,Raboot,Fire,,,,,,,,0,No
VIII,Cinderace,Fire,,,,,,,,0,No
VIII,Sobble,Water,,,,,,,,0,No
VIII,Drizzile,Water,,,,,,,,0,No
VIII,Inteleon,Water,,,,,,,,0,No
VIII,Skwovet,Normal,,,,,,,,0,No
VIII,Greedent,Normal,,,,,,,,0,No
VIII,Rookidee,Flying,,,,,,,,0,No
VIII,Corvisquire,Flying,,,,,,,,0,No
VIII,Corviknight,Flying,Steel,,,,,,,0,No
VIII,Blipbug,Bug,,,,,,,,0,No
VIII,Dottler,Bug,Psychic,,,,,,,0,No
VIII,Orbeetle,Bug,Psychic,,,,,,,0,No
VIII,Nickit,Dark,,,,,,,,0,No
VIII,Thievul,Dark,,,,,,,,0,No
VIII,Gossifleur,Grass,,,,,,,,0,No
VIII,Eldegoss,Grass,,,,,,,,0,No
VIII,Wooloo,Normal,,,,,,,,0,No
VIII,Dubwool,Normal,,,,,,,,0,No
VIII,Chewtle,Water,,,,,,,,0,No
VIII,Drednaw,Water,Rock,,,,,,,0,No
VIII,Yamper,Electric,,,,,,,,0,No
VIII,Boltund,Electric,,,,,,,,0,No
VIII,Rolycoly,Rock,,,,,,,,0,No
VIII,Carkol,Rock,Fire,,,,,,,0,No
VIII,Coalossal,Rock,Fire,,,,,,,0,No
VIII,Applin,Grass,Dragon,,,,,,,0,No
VIII,Flapple,Grass,Dragon,,,,,,,0,No
VIII,Silicobra,Ground,,,,,,,,0,No
VIII,Sandaconda,Ground,,,,,,,,0,No
VIII,Cramorant,Flying,Water,,,,,,,0,No
VIII,Arrokuda,Water,,,,,,,,0,No
VIII,Barraskewda,Water,,,,,,,,0,No
VIII,Toxel,Electric,Poison,,,,,,,0,No
VIII,Toxtricity,Electric,Poison,,,,,,,0,No
VIII,Sizzlipede,Fire,Bug,,,,,,,0,No
VIII,Centiskorch,Fire,Bug,,,,,,,0,No
VIII,Clobbopus,Fighting,,,,,,,,0,No
VIII,Grapploct,Fighting,,,,,,,,0,No
VIII,Sinistea,Ghost,,,,,,,,0,No
VIII,Polteageist,Ghost,,,,,,,,0,No
VIII,Hatenna,Psychic,,,,,,,,0,No
VIII,Hattrem,Psychic,,,,,,,,0,No
VIII,Hatterene,Psychic,Fairy,,,,,,,0,No
VIII,Impidimp,Dark,Fairy,,,,,,,0,No
VIII,Morgrem,Dark,Fairy,,,,,,,0,No
VIII,Grimmsnarl,Dark,Fairy,,,,,,,0,No
VIII,Obstagoon,Dark,Normal,,,,,,,0,No
VIII,Perrserker,Steel,,,,,,,,0,No
VIII,Cursola,Ghost,,,,,,,,0,No
VIII,Sirfetch'd,Fighting,,,,,,,,0,No
VIII,Mr. Rime,Ice,Psychic,,,,,,,0,No
VIII,Runerigus,Ground,Ghost,,,,,,,0,No
VIII,Milcery,Fairy,,,,,,,,0,No
VIII,Alcremie,Fairy,,,,,,,,0,No
VIII,Falinks,Fighting,,,,,,,,0,No
VIII,Pincurchin,Electric,,,,,,,,0,No
VIII,Snom,Ice,Bug,,,,,,,0,No
VIII,Frosmoth,Ice,Bug,,,,,,,0,No
VIII,Stonjourner,Rock,,,,,,,,0,No
VIII,Eiscue,Ice,,,,,,,,0,No
VIII,Indeedee-M,Psychic,Normal,,,,,,,0,No
VIII,Indeedee-F,Psychic,Normal,,,,,,,0,No
VIII,Morpeko,Electric,Dark,,,,,,,0,No
VIII,Cufant,Steel,,,,,,,,0,No
VIII,Copperajah,Steel,,,,,,,,0,No
VIII,Dracozolt,Electric,Dragon,,,,,,,0,No
VIII,Arctozolt,Electric,Ice,,,,,,,0,No
VIII,Dracovish,Water,Dragon,,,,,,,0,No
VIII,Arctovish,Water,Ice,,,,,,,0,No
VIII,Duraludon,Steel,Dragon,,,,,,,0,No
VIII,Dreepy,Dragon,Ghost,,,,,,,0,No
VIII,Drakloak,Dragon,Ghost,,,,,,,0,No
VIII,Dragapult,Dragon,Ghost,,,,,,,0,No
VIII,Zacian,Fairy,,,,,,,,0,No
VIII,Zacian-Crowned,Fairy,Steel,,,,,,,0,No
VIII,Zamazenta,Fighting,,,,,,,,0,No
VIII,Zamazenta-Crowned,Fighting,Steel,,,,,,,0,No
VIII,Eternatus,Poison,Dragon,,,,,,,0,No
VIII,Kubfu,Fighting,,,,,,,,0,No
VIII,Urshifu,Fighting,Dark,,,,,,,0,No
VIII,Zarude,Dark,Grass,,,,,,,0,No
VIII,Regieleki,Electric,,,,,,,,0,Yes
VIII,Regidraco,Dragon,,,,,,,,0,Yes
VIII,Glastrier,Ice,,,,,,,,0,Yes
VIII,Spectrier,Ghost,,,,,,,,0,Yes
VIII,Calyrex,Psychic,Grass,,,,,,,0,Yes
VIII,Calyrex-Ice Rider,Psychic,Ice,,,,,,,0,Yes
VIII,Calyrex-Shadow Rider,Psychic,Ghost,,,,,,,0,Yes
IX,Sprigatito,Grass,,,,,,,,0,No
IX,Floragato,Grass,,,,,,,,0,No
IX,Meowscarada,Grass,Dark,,,,,,,0,No
IX,Fuecoco,Fire,,,,,,,,0,No
IX,Crocalor,Fire,,,,,,,,0,No
IX,Skeledirge,Fire,Ghost,,,,,,,0,No
IX,Quaxly,Water,,,,,,,,0,No
IX,Quaxwell,Water,,,,,,,,0,No
IX,Quaquaval,Water,Fighting,,,,,,,0,No
IX,Lechonk,Normal,,,,,,,,0,No
IX,Oinkologne,Normal,,,,,,,,0,No
IX,Tarountula,Bug,,,,,,,,0,No
IX,Spidops,Bug,,,,,,,,0,No
IX,Nymble,Bug,,,,,,,,0,No
IX,Lokix,Bug,Dark,,,,,,,0,No
IX,Pawmi,Electric,,,,,,,,0,No
IX,Pawmo,Electric,Fighting,,,,,,,0,No
IX,Pawmot,Electric,Fighting,,,,,,,0,No
IX,Tandemaus,Normal,,,,,,,,0,No
IX,Maushold,Normal,,,,,,,,0,No
IX,Fidough,Fairy,,,,,,,,0,No
IX,Dachsbun,Fairy,,,,,,,,0,No
IX,Smoliv,Grass,Normal,,,,,,,0,No
IX,Dolliv,Grass,Normal,,,,,,,0,No
IX,Arboliva,Grass,Normal,,,,,,,0,No
IX,Squawkabilly,Normal,Flying,,,,,,,0,No
IX,Nacli,Rock,,,,,,,,0,No
IX,Naclstack,Rock,,,,,,,,0,No
IX,Garganacl,Rock,,,,,,,,0,No
IX,Charcadet,Fire,,,,,,,,0,No
IX,Armarouge,Fire,Psychic,,,,,,,0,No
IX,Ceruledge,Fire,Ghost,,,,,,,0,No
IX,Tadbulb,Electric,,,,,,,,0,No
IX,Bellibolt,Electric,,,,,,,,0,No
IX,Wattrel,Electric,Flying,,,,,,,0,No
IX,Kilowattrel,Electric,Flying,,,,,,,0,No
IX,Maschiff,Dark,,,,,,,,0,No
IX,Mabosstiff,Dark,,,,,,,,0,No
IX,Shroodle,Poison,Normal,,,,,,,0,No
IX,Grafaiai,Poison,Normal,,,,,,,0,No
IX,Bramblin,Grass,Ghost,,,,,,,0,No
IX,Brambleghast,Grass,Ghost,,,,,,,0,No
IX,Toedscool,Ground,Grass,,,,,,,0,No
IX,Toedscruel,Ground,Grass,,,,,,,0,No
IX,Klawf,Rock,,,,,,,,0,No
IX,Capsakid,Grass,,,,,,,,0,No
IX,Scovillain,Grass,Fire,,,,,,,0,No
IX,Rellor,Bug,,,,,,,,0,No
IX,Rabsca,Bug,Psychic,,,,,,,0,No
IX,Flittle,Psychic,,,,,,,,0,No
IX,Espathra,Psychic,,,,,,,,0,No
IX,Tinkatink,Fairy,Steel,,,,,,,0,No
IX,Tinkatuff,Fairy,Steel,,,,,,,0,No
IX,Tinkaton,Fairy,Steel,,,,,,,0,No
IX,Wiglett,Water,,,,,,,,0,No
IX,Wugtrio,Water,,,,,,,,0,No
IX,Bombirdier,Flying,Dark,,,,,,,0,No
IX,Finizen,Water,,,,,,,,0,No
IX,Palafin,Water,,,,,,,,0,No
IX,Varoom,Steel,Poison,,,,,,,0,No
IX,Revavroom,Steel,Poison,,,,,,,0,No
IX,Cyclizar,Dragon,Normal,,,,,,,0,No
IX,Orthworm,Steel,,,,,,,,0,No
IX,Glimmet,Rock,Poison,,,,,,,0,No
IX,Glimmora,Rock,Poison,,,,,,,0,No
IX,Greavard,Ghost,,,,,,,,0,No
IX,Houndstone,Ghost,,,,,,,,0,No
IX,Flamigo,Flying,Fighting,,,,,,,0,No
IX,Cetoddle,Ice,,,,,,,,0,No
IX,Cetitan,Ice,,,,,,,,0,No
IX,Veliza,Water,Psychic,,,,,,,0,No
IX,Dondozo,Water ,,,,,,,,0,No
IX,Tatsugiri,Dragon,Water,,,,,,,0,No
IX,Annihilape,Fighting,Ghost,,,,,,,0,No
IX,Clodsire,Poison,Ground,,,,,,,0,No
IX,Farigiraf,Normal,Psychic,,,,,,,0,No
IX,Dudunsparce,Normal,,,,,,,,0,No
IX,Kingambit,Dark,Steel,,,,,,,0,No
IX,Great Tusk,Ground,Fighting,,,,,,,0,No
IX,Scream Tail,Fairy,Psychic,,,,,,,0,No
IX,Brute Bonnet,Grass,Dark,,,,,,,0,No
IX,Flutter Mane,Ghost,Fairy,,,,,,,0,No
IX,Slither Wing,Bug,Fighting,,,,,,,0,No
IX,Sandy Shock,Electric,Ground,,,,,,,0,No
IX,Iron Treads,Ground,Steel,,,,,,,0,No
IX,Iron Bundle,Ice,Wate,,,,,,,0,No
IX,Iron Hands,Fighting,Electric,,,,,,,0,No
IX,Iron Jugulis,Dark,Flying,,,,,,,0,No
IX,Iron Moth,Fire,Poison,,,,,,,0,No
IX,Iron Thorns,Rock,Electric,,,,,,,0,No
IX,Frigibax,Dragon,Ice,,,,,,,0,No
IX,Arctibax,Dragon,Ice,,,,,,,0,No
IX,Baxcalibur,Dragon,Ice,,,,,,,0,No
IX,Gimmighoul,Ghost,,,,,,,,0,No
IX,Gholdengo,Steel,Ghost,,,,,,,0,No
IX,Wo-Chien,Dark,Grass,,,,,,,0,Yes
IX,Chien-Pao,Dark,Ice,,,,,,,0,Yes
IX,Ting-Lu,Dark,Ground,,,,,,,0,Yes
IX,Chi-Yu,Dark,Fire,,,,,,,0,Yes
IX,Roaring Moon,Dragon,Dark,,,,,,,0,No
IX,Iron Valiant,Fairy,Fighting,,,,,,,0,No
IX,Koraidon,Fighting,Dragon,,,,,,,0,Yes
IX,Miraidon,Electric,Dragon,,,,,,,0,Yes
IX,Walking Wake,Water,Dragon,,,,,,,0,No
IX,Iron Leaves,Grass,Psychic,,,,,,,0,No
IX,Dipplin,Grass,Dragon,,,,,,,0,No
IX,Poltchageist,Grass,Ghost,,,,,,,0,No
IX,Sinistcha,Grass,Ghost,,,,,,,0,No
IX,Okidogi,Poison,Fighting,,,,,,,0,Yes
IX,Munkidori,Poison,Psychic,,,,,,,0,Yes
IX,Fezandipiti,Poison,Fairy,,,,,,,0,Yes
IX,Ogerpon,Grass,,,,,,,,0,Yes
IX,Archaludon,Steel,Dragon,,,,,,,0,No
IX,Hydrapple,Grass,Dragon,,,,,,,0,No
IX,Gouging Fire,Fire,Dragon,,,,,,,0,No
IX,Raging Bolt,Electric,Dragon,,,,,,,0,No
IX,Iron Boulder,Rock,Psychic,,,,,,,0,No
IX,Iron Crown,Steel,Psychic,,,,,,,0,No
IX,Terapagos,Normal,,,,,,,,0,Yes
IX,Pecharunt,Poison,Ghost,,,,,,,0,No
